image_id,clothing,gender
African_Blouse_1.png,African Blouse,Female
African_Blouse_10.png,African Blouse,Female
African_Blouse_100.png,African Blouse,Female
African_Blouse_101.png,African Blouse,Female
African_Blouse_102.png,African Blouse,Female
African_Blouse_103.png,African Blouse,Female
African_Blouse_104.png,African Blouse,Female
African_Blouse_105.png,African Blouse,Female
African_Blouse_106.png,African Blouse,Female
African_Blouse_107.png,African Blouse,Female
African_Blouse_108.png,African Blouse,Female
African_Blouse_109.png,African Blouse,Female
African_Blouse_11.png,African Blouse,Female
African_Blouse_110.png,African Blouse,Female
African_Blouse_111.png,African Blouse,Female
African_Blouse_112.png,African Blouse,Female
African_Blouse_113.png,African Blouse,Female
African_Blouse_114.png,African Blouse,Female
African_Blouse_115.png,African Blouse,Female
African_Blouse_116.png,African Blouse,Female
African_Blouse_117.png,African Blouse,Female
African_Blouse_118.png,African Blouse,Female
African_Blouse_119.png,African Blouse,Female
African_Blouse_12.png,African Blouse,Female
African_Blouse_120.png,African Blouse,Female
African_Blouse_121.png,African Blouse,Female
African_Blouse_122.png,African Blouse,Female
African_Blouse_123.png,African Blouse,Female
African_Blouse_124.png,African Blouse,Female
African_Blouse_125.png,African Blouse,Female
African_Blouse_126.png,African Blouse,Female
African_Blouse_127.png,African Blouse,Female
African_Blouse_128.png,African Blouse,Female
African_Blouse_129.png,African Blouse,Female
African_Blouse_13.png,African Blouse,Female
African_Blouse_130.png,African Blouse,Female
African_Blouse_131.png,African Blouse,Female
African_Blouse_132.png,African Blouse,Female
African_Blouse_133.png,African Blouse,Female
African_Blouse_134.png,African Blouse,Female
African_Blouse_135.png,African Blouse,Female
African_Blouse_136.png,African Blouse,Female
African_Blouse_137.png,African Blouse,Female
African_Blouse_138.png,African Blouse,Female
African_Blouse_139.png,African Blouse,Female
African_Blouse_14.png,African Blouse,Female
African_Blouse_140.png,African Blouse,Female
African_Blouse_141.png,African Blouse,Female
African_Blouse_142.png,African Blouse,Female
African_Blouse_143.png,African Blouse,Female
African_Blouse_144.png,African Blouse,Female
African_Blouse_145.png,African Blouse,Female
African_Blouse_146.png,African Blouse,Female
African_Blouse_147.png,African Blouse,Female
African_Blouse_148.png,African Blouse,Female
African_Blouse_149.png,African Blouse,Female
African_Blouse_15.png,African Blouse,Female
African_Blouse_150.png,African Blouse,Female
African_Blouse_151.png,African Blouse,Female
African_Blouse_152.png,African Blouse,Female
African_Blouse_153.png,African Blouse,Female
African_Blouse_154.png,African Blouse,Female
African_Blouse_155.png,African Blouse,Female
African_Blouse_156.png,African Blouse,Female
African_Blouse_157.png,African Blouse,Female
African_Blouse_158.png,African Blouse,Female
African_Blouse_159.png,African Blouse,Female
African_Blouse_16.png,African Blouse,Female
African_Blouse_160.png,African Blouse,Female
African_Blouse_161.png,African Blouse,Female
African_Blouse_162.png,African Blouse,Female
African_Blouse_163.png,African Blouse,Female
African_Blouse_164.png,African Blouse,Female
African_Blouse_165.png,African Blouse,Female
African_Blouse_166.png,African Blouse,Female
African_Blouse_167.png,African Blouse,Female
African_Blouse_168.png,African Blouse,Female
African_Blouse_169.png,African Blouse,Female
African_Blouse_17.png,African Blouse,Female
African_Blouse_170.png,African Blouse,Female
African_Blouse_171.png,African Blouse,Female
African_Blouse_172.png,African Blouse,Female
African_Blouse_173.png,African Blouse,Female
African_Blouse_174.png,African Blouse,Female
African_Blouse_175.png,African Blouse,Female
African_Blouse_176.png,African Blouse,Female
African_Blouse_177.png,African Blouse,Female
African_Blouse_178.png,African Blouse,Female
African_Blouse_179.png,African Blouse,Female
African_Blouse_18.png,African Blouse,Female
African_Blouse_180.png,African Blouse,Female
African_Blouse_181.png,African Blouse,Female
African_Blouse_182.png,African Blouse,Female
African_Blouse_183.png,African Blouse,Female
African_Blouse_184.png,African Blouse,Female
African_Blouse_185.png,African Blouse,Female
African_Blouse_186.png,African Blouse,Female
African_Blouse_187.png,African Blouse,Female
African_Blouse_188.png,African Blouse,Female
African_Blouse_189.png,African Blouse,Female
African_Blouse_19.png,African Blouse,Female
African_Blouse_190.png,African Blouse,Female
African_Blouse_191.png,African Blouse,Female
African_Blouse_192.png,African Blouse,Female
African_Blouse_193.png,African Blouse,Female
African_Blouse_194.png,African Blouse,Female
African_Blouse_195.png,African Blouse,Female
African_Blouse_196.png,African Blouse,Female
African_Blouse_197.png,African Blouse,Female
African_Blouse_198.png,African Blouse,Female
African_Blouse_199.png,African Blouse,Female
African_Blouse_2.png,African Blouse,Female
African_Blouse_20.png,African Blouse,Female
African_Blouse_200.png,African Blouse,Female
African_Blouse_21.png,African Blouse,Female
African_Blouse_22.png,African Blouse,Female
African_Blouse_23.png,African Blouse,Female
African_Blouse_24.png,African Blouse,Female
African_Blouse_25.png,African Blouse,Female
African_Blouse_26.png,African Blouse,Female
African_Blouse_27.png,African Blouse,Female
African_Blouse_28.png,African Blouse,Female
African_Blouse_29.png,African Blouse,Female
African_Blouse_3.png,African Blouse,Female
African_Blouse_30.png,African Blouse,Female
African_Blouse_31.png,African Blouse,Female
African_Blouse_32.png,African Blouse,Female
African_Blouse_33.png,African Blouse,Female
African_Blouse_34.png,African Blouse,Female
African_Blouse_35.png,African Blouse,Female
African_Blouse_36.png,African Blouse,Female
African_Blouse_37.png,African Blouse,Female
African_Blouse_38.png,African Blouse,Female
African_Blouse_39.png,African Blouse,Female
African_Blouse_4.png,African Blouse,Female
African_Blouse_40.png,African Blouse,Female
African_Blouse_41.png,African Blouse,Female
African_Blouse_42.png,African Blouse,Female
African_Blouse_43.png,African Blouse,Female
African_Blouse_44.png,African Blouse,Female
African_Blouse_45.png,African Blouse,Female
African_Blouse_46.png,African Blouse,Female
African_Blouse_47.png,African Blouse,Female
African_Blouse_48.png,African Blouse,Female
African_Blouse_49.png,African Blouse,Female
African_Blouse_5.png,African Blouse,Female
African_Blouse_50.png,African Blouse,Female
African_Blouse_51.png,African Blouse,Female
African_Blouse_52.png,African Blouse,Female
African_Blouse_53.png,African Blouse,Female
African_Blouse_54.png,African Blouse,Female
African_Blouse_55.png,African Blouse,Female
African_Blouse_56.png,African Blouse,Female
African_Blouse_57.png,African Blouse,Female
African_Blouse_58.png,African Blouse,Female
African_Blouse_59.png,African Blouse,Female
African_Blouse_6.png,African Blouse,Female
African_Blouse_60.png,African Blouse,Female
African_Blouse_61.png,African Blouse,Female
African_Blouse_62.png,African Blouse,Female
African_Blouse_63.png,African Blouse,Female
African_Blouse_64.png,African Blouse,Female
African_Blouse_65.png,African Blouse,Female
African_Blouse_66.png,African Blouse,Female
African_Blouse_67.png,African Blouse,Female
African_Blouse_68.png,African Blouse,Female
African_Blouse_69.png,African Blouse,Female
African_Blouse_7.png,African Blouse,Female
African_Blouse_70.png,African Blouse,Female
African_Blouse_71.png,African Blouse,Female
African_Blouse_72.png,African Blouse,Female
African_Blouse_73.png,African Blouse,Female
African_Blouse_74.png,African Blouse,Female
African_Blouse_75.png,African Blouse,Female
African_Blouse_76.png,African Blouse,Female
African_Blouse_77.png,African Blouse,Female
African_Blouse_78.png,African Blouse,Female
African_Blouse_79.png,African Blouse,Female
African_Blouse_8.png,African Blouse,Female
African_Blouse_80.png,African Blouse,Female
African_Blouse_81.png,African Blouse,Female
African_Blouse_82.png,African Blouse,Female
African_Blouse_83.png,African Blouse,Female
African_Blouse_84.png,African Blouse,Female
African_Blouse_85.png,African Blouse,Female
African_Blouse_86.png,African Blouse,Female
African_Blouse_87.png,African Blouse,Female
African_Blouse_88.png,African Blouse,Female
African_Blouse_89.png,African Blouse,Female
African_Blouse_9.png,African Blouse,Female
African_Blouse_90.png,African Blouse,Female
African_Blouse_91.png,African Blouse,Female
African_Blouse_92.png,African Blouse,Female
African_Blouse_93.png,African Blouse,Female
African_Blouse_94.png,African Blouse,Female
African_Blouse_95.png,African Blouse,Female
African_Blouse_96.png,African Blouse,Female
African_Blouse_97.png,African Blouse,Female
African_Blouse_98.png,African Blouse,Female
African_Blouse_99.png,African Blouse,Female
African_Shirts_1.png,African Shirts,Male
African_Shirts_10.png,African Shirts,Male
African_Shirts_100.png,African Shirts,Male
African_Shirts_101.png,African Shirts,Male
African_Shirts_102.png,African Shirts,Male
African_Shirts_103.png,African Shirts,Male
African_Shirts_104.png,African Shirts,Male
African_Shirts_105.png,African Shirts,Male
African_Shirts_106.png,African Shirts,Male
African_Shirts_107.png,African Shirts,Male
African_Shirts_108.png,African Shirts,Male
African_Shirts_109.png,African Shirts,Male
African_Shirts_11.png,African Shirts,Male
African_Shirts_110.png,African Shirts,Male
African_Shirts_111.png,African Shirts,Male
African_Shirts_112.png,African Shirts,Male
African_Shirts_113.png,African Shirts,Male
African_Shirts_114.png,African Shirts,Male
African_Shirts_115.png,African Shirts,Male
African_Shirts_116.png,African Shirts,Male
African_Shirts_117.png,African Shirts,Male
African_Shirts_118.png,African Shirts,Male
African_Shirts_119.png,African Shirts,Male
African_Shirts_12.png,African Shirts,Male
African_Shirts_120.png,African Shirts,Male
African_Shirts_121.png,African Shirts,Male
African_Shirts_122.png,African Shirts,Male
African_Shirts_123.png,African Shirts,Male
African_Shirts_124.png,African Shirts,Male
African_Shirts_125.png,African Shirts,Male
African_Shirts_126.png,African Shirts,Male
African_Shirts_127.png,African Shirts,Male
African_Shirts_128.png,African Shirts,Male
African_Shirts_129.png,African Shirts,Male
African_Shirts_13.png,African Shirts,Male
African_Shirts_130.png,African Shirts,Male
African_Shirts_131.png,African Shirts,Male
African_Shirts_132.png,African Shirts,Male
African_Shirts_133.png,African Shirts,Male
African_Shirts_134.png,African Shirts,Male
African_Shirts_135.png,African Shirts,Male
African_Shirts_136.png,African Shirts,Male
African_Shirts_137.png,African Shirts,Male
African_Shirts_138.png,African Shirts,Male
African_Shirts_139.png,African Shirts,Male
African_Shirts_14.png,African Shirts,Male
African_Shirts_140.png,African Shirts,Male
African_Shirts_141.png,African Shirts,Male
African_Shirts_142.png,African Shirts,Male
African_Shirts_143.png,African Shirts,Male
African_Shirts_144.png,African Shirts,Male
African_Shirts_145.png,African Shirts,Male
African_Shirts_146.png,African Shirts,Male
African_Shirts_147.png,African Shirts,Male
African_Shirts_148.png,African Shirts,Male
African_Shirts_149.png,African Shirts,Male
African_Shirts_15.png,African Shirts,Male
African_Shirts_150.png,African Shirts,Male
African_Shirts_151.png,African Shirts,Male
African_Shirts_152.png,African Shirts,Male
African_Shirts_153.png,African Shirts,Male
African_Shirts_154.png,African Shirts,Male
African_Shirts_155.png,African Shirts,Male
African_Shirts_156.png,African Shirts,Male
African_Shirts_157.png,African Shirts,Male
African_Shirts_158.png,African Shirts,Male
African_Shirts_159.png,African Shirts,Male
African_Shirts_16.png,African Shirts,Male
African_Shirts_160.png,African Shirts,Male
African_Shirts_161.png,African Shirts,Male
African_Shirts_162.png,African Shirts,Male
African_Shirts_163.png,African Shirts,Male
African_Shirts_164.png,African Shirts,Male
African_Shirts_165.png,African Shirts,Male
African_Shirts_166.png,African Shirts,Male
African_Shirts_167.png,African Shirts,Male
African_Shirts_168.png,African Shirts,Male
African_Shirts_169.png,African Shirts,Male
African_Shirts_17.png,African Shirts,Male
African_Shirts_170.png,African Shirts,Male
African_Shirts_171.png,African Shirts,Male
African_Shirts_172.png,African Shirts,Male
African_Shirts_173.png,African Shirts,Male
African_Shirts_174.png,African Shirts,Male
African_Shirts_175.png,African Shirts,Male
African_Shirts_176.png,African Shirts,Male
African_Shirts_177.png,African Shirts,Male
African_Shirts_178.png,African Shirts,Male
African_Shirts_179.png,African Shirts,Male
African_Shirts_18.png,African Shirts,Male
African_Shirts_180.png,African Shirts,Male
African_Shirts_181.png,African Shirts,Male
African_Shirts_182.png,African Shirts,Male
African_Shirts_183.png,African Shirts,Male
African_Shirts_184.png,African Shirts,Male
African_Shirts_185.png,African Shirts,Male
African_Shirts_186.png,African Shirts,Male
African_Shirts_187.png,African Shirts,Male
African_Shirts_188.png,African Shirts,Male
African_Shirts_189.png,African Shirts,Male
African_Shirts_19.png,African Shirts,Male
African_Shirts_190.png,African Shirts,Male
African_Shirts_191.png,African Shirts,Male
African_Shirts_192.png,African Shirts,Male
African_Shirts_193.png,African Shirts,Male
African_Shirts_194.png,African Shirts,Male
African_Shirts_195.png,African Shirts,Male
African_Shirts_196.png,African Shirts,Male
African_Shirts_197.png,African Shirts,Male
African_Shirts_198.png,African Shirts,Male
African_Shirts_199.png,African Shirts,Male
African_Shirts_2.png,African Shirts,Male
African_Shirts_20.png,African Shirts,Male
African_Shirts_200.png,African Shirts,Male
African_Shirts_21.png,African Shirts,Male
African_Shirts_22.png,African Shirts,Male
African_Shirts_23.png,African Shirts,Male
African_Shirts_24.png,African Shirts,Male
African_Shirts_25.png,African Shirts,Male
African_Shirts_26.png,African Shirts,Male
African_Shirts_27.png,African Shirts,Male
African_Shirts_28.png,African Shirts,Male
African_Shirts_29.png,African Shirts,Male
African_Shirts_3.png,African Shirts,Male
African_Shirts_30.png,African Shirts,Male
African_Shirts_31.png,African Shirts,Male
African_Shirts_32.png,African Shirts,Male
African_Shirts_33.png,African Shirts,Male
African_Shirts_34.png,African Shirts,Male
African_Shirts_35.png,African Shirts,Male
African_Shirts_36.png,African Shirts,Male
African_Shirts_37.png,African Shirts,Male
African_Shirts_38.png,African Shirts,Male
African_Shirts_39.png,African Shirts,Male
African_Shirts_4.png,African Shirts,Male
African_Shirts_40.png,African Shirts,Male
African_Shirts_41.png,African Shirts,Male
African_Shirts_42.png,African Shirts,Male
African_Shirts_43.png,African Shirts,Male
African_Shirts_44.png,African Shirts,Male
African_Shirts_45.png,African Shirts,Male
African_Shirts_46.png,African Shirts,Male
African_Shirts_47.png,African Shirts,Male
African_Shirts_48.png,African Shirts,Male
African_Shirts_49.png,African Shirts,Male
African_Shirts_5.png,African Shirts,Male
African_Shirts_50.png,African Shirts,Male
African_Shirts_51.png,African Shirts,Male
African_Shirts_52.png,African Shirts,Male
African_Shirts_53.png,African Shirts,Male
African_Shirts_54.png,African Shirts,Male
African_Shirts_55.png,African Shirts,Male
African_Shirts_56.png,African Shirts,Male
African_Shirts_57.png,African Shirts,Male
African_Shirts_58.png,African Shirts,Male
African_Shirts_59.png,African Shirts,Male
African_Shirts_6.png,African Shirts,Male
African_Shirts_60.png,African Shirts,Male
African_Shirts_61.png,African Shirts,Male
African_Shirts_62.png,African Shirts,Male
African_Shirts_63.png,African Shirts,Male
African_Shirts_64.png,African Shirts,Male
African_Shirts_65.png,African Shirts,Male
African_Shirts_66.png,African Shirts,Male
African_Shirts_67.png,African Shirts,Male
African_Shirts_68.png,African Shirts,Male
African_Shirts_69.png,African Shirts,Male
African_Shirts_7.png,African Shirts,Male
African_Shirts_70.png,African Shirts,Male
African_Shirts_71.png,African Shirts,Male
African_Shirts_72.png,African Shirts,Male
African_Shirts_73.png,African Shirts,Male
African_Shirts_74.png,African Shirts,Male
African_Shirts_75.png,African Shirts,Male
African_Shirts_76.png,African Shirts,Male
African_Shirts_77.png,African Shirts,Male
African_Shirts_78.png,African Shirts,Male
African_Shirts_79.png,African Shirts,Male
African_Shirts_8.png,African Shirts,Male
African_Shirts_80.png,African Shirts,Male
African_Shirts_81.png,African Shirts,Male
African_Shirts_82.png,African Shirts,Male
African_Shirts_83.png,African Shirts,Male
African_Shirts_84.png,African Shirts,Male
African_Shirts_85.png,African Shirts,Male
African_Shirts_86.png,African Shirts,Male
African_Shirts_87.png,African Shirts,Male
African_Shirts_88.png,African Shirts,Male
African_Shirts_89.png,African Shirts,Male
African_Shirts_9.png,African Shirts,Male
African_Shirts_90.png,African Shirts,Male
African_Shirts_91.png,African Shirts,Male
African_Shirts_92.png,African Shirts,Male
African_Shirts_93.png,African Shirts,Male
African_Shirts_94.png,African Shirts,Male
African_Shirts_95.png,African Shirts,Male
African_Shirts_96.png,African Shirts,Male
African_Shirts_97.png,African Shirts,Male
African_Shirts_98.png,African Shirts,Male
African_Shirts_99.png,African Shirts,Male
Agbada_1.png,Agbada,Male
Agbada_10.png,Agbada,Male
Agbada_100.png,Agbada,Male
Agbada_101.png,Agbada,Male
Agbada_102.png,Agbada,Male
Agbada_103.png,Agbada,Male
Agbada_104.png,Agbada,Male
Agbada_105.png,Agbada,Male
Agbada_106.png,Agbada,Male
Agbada_107.png,Agbada,Male
Agbada_108.png,Agbada,Male
Agbada_109.png,Agbada,Male
Agbada_11.png,Agbada,Male
Agbada_110.png,Agbada,Male
Agbada_111.png,Agbada,Male
Agbada_112.png,Agbada,Male
Agbada_113.png,Agbada,Male
Agbada_114.png,Agbada,Male
Agbada_115.png,Agbada,Male
Agbada_116.png,Agbada,Male
Agbada_117.png,Agbada,Male
Agbada_118.png,Agbada,Male
Agbada_119.png,Agbada,Male
Agbada_12.png,Agbada,Male
Agbada_120.png,Agbada,Male
Agbada_121.png,Agbada,Male
Agbada_122.png,Agbada,Male
Agbada_123.png,Agbada,Male
Agbada_124.png,Agbada,Male
Agbada_125.png,Agbada,Male
Agbada_126.png,Agbada,Male
Agbada_127.png,Agbada,Male
Agbada_128.png,Agbada,Male
Agbada_129.png,Agbada,Male
Agbada_13.png,Agbada,Male
Agbada_130.png,Agbada,Male
Agbada_131.png,Agbada,Male
Agbada_132.png,Agbada,Male
Agbada_133.png,Agbada,Male
Agbada_134.png,Agbada,Male
Agbada_135.png,Agbada,Male
Agbada_136.png,Agbada,Male
Agbada_137.png,Agbada,Male
Agbada_138.png,Agbada,Male
Agbada_139.png,Agbada,Male
Agbada_14.png,Agbada,Male
Agbada_140.png,Agbada,Male
Agbada_141.png,Agbada,Male
Agbada_142.png,Agbada,Male
Agbada_143.png,Agbada,Male
Agbada_144.png,Agbada,Male
Agbada_145.png,Agbada,Male
Agbada_146.png,Agbada,Male
Agbada_147.png,Agbada,Male
Agbada_148.png,Agbada,Male
Agbada_149.png,Agbada,Male
Agbada_15.png,Agbada,Male
Agbada_150.png,Agbada,Male
Agbada_151.png,Agbada,Male
Agbada_152.png,Agbada,Male
Agbada_153.png,Agbada,Male
Agbada_154.png,Agbada,Male
Agbada_155.png,Agbada,Male
Agbada_156.png,Agbada,Male
Agbada_157.png,Agbada,Male
Agbada_158.png,Agbada,Male
Agbada_159.png,Agbada,Male
Agbada_16.png,Agbada,Male
Agbada_160.png,Agbada,Male
Agbada_161.png,Agbada,Male
Agbada_162.png,Agbada,Male
Agbada_163.png,Agbada,Male
Agbada_164.png,Agbada,Male
Agbada_165.png,Agbada,Male
Agbada_166.png,Agbada,Male
Agbada_167.png,Agbada,Male
Agbada_168.png,Agbada,Male
Agbada_169.png,Agbada,Male
Agbada_17.png,Agbada,Male
Agbada_170.png,Agbada,Male
Agbada_171.png,Agbada,Male
Agbada_172.png,Agbada,Male
Agbada_173.png,Agbada,Male
Agbada_174.png,Agbada,Male
Agbada_175.png,Agbada,Male
Agbada_176.png,Agbada,Male
Agbada_177.png,Agbada,Male
Agbada_178.png,Agbada,Male
Agbada_179.png,Agbada,Male
Agbada_18.png,Agbada,Male
Agbada_180.png,Agbada,Male
Agbada_181.png,Agbada,Male
Agbada_182.png,Agbada,Male
Agbada_183.png,Agbada,Male
Agbada_184.png,Agbada,Male
Agbada_185.png,Agbada,Male
Agbada_186.png,Agbada,Male
Agbada_187.png,Agbada,Male
Agbada_188.png,Agbada,Male
Agbada_189.png,Agbada,Male
Agbada_19.png,Agbada,Male
Agbada_190.png,Agbada,Male
Agbada_191.png,Agbada,Male
Agbada_192.png,Agbada,Male
Agbada_193.png,Agbada,Male
Agbada_194.png,Agbada,Male
Agbada_195.png,Agbada,Male
Agbada_196.png,Agbada,Male
Agbada_197.png,Agbada,Male
Agbada_198.png,Agbada,Male
Agbada_199.png,Agbada,Male
Agbada_2.png,Agbada,Male
Agbada_20.png,Agbada,Male
Agbada_200.png,Agbada,Male
Agbada_21.png,Agbada,Male
Agbada_22.png,Agbada,Male
Agbada_23.png,Agbada,Male
Agbada_24.png,Agbada,Male
Agbada_25.png,Agbada,Male
Agbada_26.png,Agbada,Male
Agbada_27.png,Agbada,Male
Agbada_28.png,Agbada,Male
Agbada_29.png,Agbada,Male
Agbada_3.png,Agbada,Male
Agbada_30.png,Agbada,Male
Agbada_31.png,Agbada,Male
Agbada_32.png,Agbada,Male
Agbada_33.png,Agbada,Male
Agbada_34.png,Agbada,Male
Agbada_35.png,Agbada,Male
Agbada_36.png,Agbada,Male
Agbada_37.png,Agbada,Male
Agbada_38.png,Agbada,Male
Agbada_39.png,Agbada,Male
Agbada_4.png,Agbada,Male
Agbada_40.png,Agbada,Male
Agbada_41.png,Agbada,Male
Agbada_42.png,Agbada,Male
Agbada_43.png,Agbada,Male
Agbada_44.png,Agbada,Male
Agbada_45.png,Agbada,Male
Agbada_46.png,Agbada,Male
Agbada_47.png,Agbada,Male
Agbada_48.png,Agbada,Male
Agbada_49.png,Agbada,Male
Agbada_5.png,Agbada,Male
Agbada_50.png,Agbada,Male
Agbada_51.png,Agbada,Male
Agbada_52.png,Agbada,Male
Agbada_53.png,Agbada,Male
Agbada_54.png,Agbada,Male
Agbada_55.png,Agbada,Male
Agbada_56.png,Agbada,Male
Agbada_57.png,Agbada,Male
Agbada_58.png,Agbada,Male
Agbada_59.png,Agbada,Male
Agbada_6.png,Agbada,Male
Agbada_60.png,Agbada,Male
Agbada_61.png,Agbada,Male
Agbada_62.png,Agbada,Male
Agbada_63.png,Agbada,Male
Agbada_64.png,Agbada,Male
Agbada_65.png,Agbada,Male
Agbada_66.png,Agbada,Male
Agbada_67.png,Agbada,Male
Agbada_68.png,Agbada,Male
Agbada_69.png,Agbada,Male
Agbada_7.png,Agbada,Male
Agbada_70.png,Agbada,Male
Agbada_71.png,Agbada,Male
Agbada_72.png,Agbada,Male
Agbada_73.png,Agbada,Male
Agbada_74.png,Agbada,Male
Agbada_75.png,Agbada,Male
Agbada_76.png,Agbada,Male
Agbada_77.png,Agbada,Male
Agbada_78.png,Agbada,Male
Agbada_79.png,Agbada,Male
Agbada_8.png,Agbada,Male
Agbada_80.png,Agbada,Male
Agbada_81.png,Agbada,Male
Agbada_82.png,Agbada,Male
Agbada_83.png,Agbada,Male
Agbada_84.png,Agbada,Male
Agbada_85.png,Agbada,Male
Agbada_86.png,Agbada,Male
Agbada_87.png,Agbada,Male
Agbada_88.png,Agbada,Male
Agbada_89.png,Agbada,Male
Agbada_9.png,Agbada,Male
Agbada_90.png,Agbada,Male
Agbada_91.png,Agbada,Male
Agbada_92.png,Agbada,Male
Agbada_93.png,Agbada,Male
Agbada_94.png,Agbada,Male
Agbada_95.png,Agbada,Male
Agbada_96.png,Agbada,Male
Agbada_97.png,Agbada,Male
Agbada_98.png,Agbada,Male
Agbada_99.png,Agbada,Male
Buba and Trouser_1.png,Buba and Trouser,Male
Buba and Trouser_10.png,Buba and Trouser,Male
Buba and Trouser_100.png,Buba and Trouser,Male
Buba and Trouser_101.png,Buba and Trouser,Male
Buba and Trouser_102.png,Buba and Trouser,Male
Buba and Trouser_103.png,Buba and Trouser,Male
Buba and Trouser_104.png,Buba and Trouser,Male
Buba and Trouser_105.png,Buba and Trouser,Male
Buba and Trouser_106.png,Buba and Trouser,Male
Buba and Trouser_107.png,Buba and Trouser,Male
Buba and Trouser_108.png,Buba and Trouser,Male
Buba and Trouser_109.png,Buba and Trouser,Male
Buba and Trouser_11.png,Buba and Trouser,Male
Buba and Trouser_110.png,Buba and Trouser,Male
Buba and Trouser_111.png,Buba and Trouser,Male
Buba and Trouser_112.png,Buba and Trouser,Male
Buba and Trouser_113.png,Buba and Trouser,Male
Buba and Trouser_114.png,Buba and Trouser,Male
Buba and Trouser_115.png,Buba and Trouser,Male
Buba and Trouser_116.png,Buba and Trouser,Male
Buba and Trouser_117.png,Buba and Trouser,Male
Buba and Trouser_118.png,Buba and Trouser,Male
Buba and Trouser_119.png,Buba and Trouser,Male
Buba and Trouser_12.png,Buba and Trouser,Male
Buba and Trouser_120.png,Buba and Trouser,Male
Buba and Trouser_121.png,Buba and Trouser,Male
Buba and Trouser_122.png,Buba and Trouser,Male
Buba and Trouser_123.png,Buba and Trouser,Male
Buba and Trouser_124.png,Buba and Trouser,Male
Buba and Trouser_125.png,Buba and Trouser,Male
Buba and Trouser_126.png,Buba and Trouser,Male
Buba and Trouser_127.png,Buba and Trouser,Male
Buba and Trouser_128.png,Buba and Trouser,Male
Buba and Trouser_129.png,Buba and Trouser,Male
Buba and Trouser_13.png,Buba and Trouser,Male
Buba and Trouser_130.png,Buba and Trouser,Male
Buba and Trouser_131.png,Buba and Trouser,Male
Buba and Trouser_132.png,Buba and Trouser,Male
Buba and Trouser_133.png,Buba and Trouser,Male
Buba and Trouser_134.png,Buba and Trouser,Male
Buba and Trouser_135.png,Buba and Trouser,Male
Buba and Trouser_136.png,Buba and Trouser,Male
Buba and Trouser_137.png,Buba and Trouser,Male
Buba and Trouser_138.png,Buba and Trouser,Male
Buba and Trouser_139.png,Buba and Trouser,Male
Buba and Trouser_14.png,Buba and Trouser,Male
Buba and Trouser_140.png,Buba and Trouser,Male
Buba and Trouser_141.png,Buba and Trouser,Male
Buba and Trouser_142.png,Buba and Trouser,Male
Buba and Trouser_143.png,Buba and Trouser,Male
Buba and Trouser_144.png,Buba and Trouser,Male
Buba and Trouser_145.png,Buba and Trouser,Male
Buba and Trouser_146.png,Buba and Trouser,Male
Buba and Trouser_147.png,Buba and Trouser,Male
Buba and Trouser_148.png,Buba and Trouser,Male
Buba and Trouser_149.png,Buba and Trouser,Male
Buba and Trouser_15.png,Buba and Trouser,Male
Buba and Trouser_150.png,Buba and Trouser,Male
Buba and Trouser_151.png,Buba and Trouser,Male
Buba and Trouser_152.png,Buba and Trouser,Male
Buba and Trouser_153.png,Buba and Trouser,Male
Buba and Trouser_154.png,Buba and Trouser,Male
Buba and Trouser_155.png,Buba and Trouser,Male
Buba and Trouser_156.png,Buba and Trouser,Male
Buba and Trouser_157.png,Buba and Trouser,Male
Buba and Trouser_158.png,Buba and Trouser,Male
Buba and Trouser_159.png,Buba and Trouser,Male
Buba and Trouser_16.png,Buba and Trouser,Male
Buba and Trouser_160.png,Buba and Trouser,Male
Buba and Trouser_161.png,Buba and Trouser,Male
Buba and Trouser_162.png,Buba and Trouser,Male
Buba and Trouser_163.png,Buba and Trouser,Male
Buba and Trouser_164.png,Buba and Trouser,Male
Buba and Trouser_165.png,Buba and Trouser,Male
Buba and Trouser_166.png,Buba and Trouser,Male
Buba and Trouser_167.png,Buba and Trouser,Male
Buba and Trouser_168.png,Buba and Trouser,Male
Buba and Trouser_169.png,Buba and Trouser,Male
Buba and Trouser_17.png,Buba and Trouser,Male
Buba and Trouser_170.png,Buba and Trouser,Male
Buba and Trouser_171.png,Buba and Trouser,Male
Buba and Trouser_172.png,Buba and Trouser,Male
Buba and Trouser_173.png,Buba and Trouser,Male
Buba and Trouser_174.png,Buba and Trouser,Male
Buba and Trouser_175.png,Buba and Trouser,Male
Buba and Trouser_176.png,Buba and Trouser,Male
Buba and Trouser_177.png,Buba and Trouser,Male
Buba and Trouser_178.png,Buba and Trouser,Male
Buba and Trouser_179.png,Buba and Trouser,Male
Buba and Trouser_18.png,Buba and Trouser,Male
Buba and Trouser_180.png,Buba and Trouser,Male
Buba and Trouser_181.png,Buba and Trouser,Male
Buba and Trouser_182.png,Buba and Trouser,Male
Buba and Trouser_183.png,Buba and Trouser,Male
Buba and Trouser_184.png,Buba and Trouser,Male
Buba and Trouser_185.png,Buba and Trouser,Male
Buba and Trouser_186.png,Buba and Trouser,Male
Buba and Trouser_187.png,Buba and Trouser,Male
Buba and Trouser_188.png,Buba and Trouser,Male
Buba and Trouser_189.png,Buba and Trouser,Male
Buba and Trouser_19.png,Buba and Trouser,Male
Buba and Trouser_190.png,Buba and Trouser,Male
Buba and Trouser_191.png,Buba and Trouser,Male
Buba and Trouser_192.png,Buba and Trouser,Male
Buba and Trouser_193.png,Buba and Trouser,Male
Buba and Trouser_194.png,Buba and Trouser,Male
Buba and Trouser_195.png,Buba and Trouser,Male
Buba and Trouser_196.png,Buba and Trouser,Male
Buba and Trouser_197.png,Buba and Trouser,Male
Buba and Trouser_198.png,Buba and Trouser,Male
Buba and Trouser_199.png,Buba and Trouser,Male
Buba and Trouser_2.png,Buba and Trouser,Male
Buba and Trouser_20.png,Buba and Trouser,Male
Buba and Trouser_200.png,Buba and Trouser,Male
Buba and Trouser_21.png,Buba and Trouser,Male
Buba and Trouser_22.png,Buba and Trouser,Male
Buba and Trouser_23.png,Buba and Trouser,Male
Buba and Trouser_24.png,Buba and Trouser,Male
Buba and Trouser_25.png,Buba and Trouser,Male
Buba and Trouser_26.png,Buba and Trouser,Male
Buba and Trouser_27.png,Buba and Trouser,Male
Buba and Trouser_28.png,Buba and Trouser,Male
Buba and Trouser_29.png,Buba and Trouser,Male
Buba and Trouser_3.png,Buba and Trouser,Male
Buba and Trouser_30.png,Buba and Trouser,Male
Buba and Trouser_31.png,Buba and Trouser,Male
Buba and Trouser_32.png,Buba and Trouser,Male
Buba and Trouser_33.png,Buba and Trouser,Male
Buba and Trouser_34.png,Buba and Trouser,Male
Buba and Trouser_35.png,Buba and Trouser,Male
Buba and Trouser_36.png,Buba and Trouser,Male
Buba and Trouser_37.png,Buba and Trouser,Male
Buba and Trouser_38.png,Buba and Trouser,Male
Buba and Trouser_39.png,Buba and Trouser,Male
Buba and Trouser_4.png,Buba and Trouser,Male
Buba and Trouser_40.png,Buba and Trouser,Male
Buba and Trouser_41.png,Buba and Trouser,Male
Buba and Trouser_42.png,Buba and Trouser,Male
Buba and Trouser_43.png,Buba and Trouser,Male
Buba and Trouser_44.png,Buba and Trouser,Male
Buba and Trouser_45.png,Buba and Trouser,Male
Buba and Trouser_46.png,Buba and Trouser,Male
Buba and Trouser_47.png,Buba and Trouser,Male
Buba and Trouser_48.png,Buba and Trouser,Male
Buba and Trouser_49.png,Buba and Trouser,Male
Buba and Trouser_5.png,Buba and Trouser,Male
Buba and Trouser_50.png,Buba and Trouser,Male
Buba and Trouser_51.png,Buba and Trouser,Male
Buba and Trouser_52.png,Buba and Trouser,Male
Buba and Trouser_53.png,Buba and Trouser,Male
Buba and Trouser_54.png,Buba and Trouser,Male
Buba and Trouser_55.png,Buba and Trouser,Male
Buba and Trouser_56.png,Buba and Trouser,Male
Buba and Trouser_57.png,Buba and Trouser,Male
Buba and Trouser_58.png,Buba and Trouser,Male
Buba and Trouser_59.png,Buba and Trouser,Male
Buba and Trouser_6.png,Buba and Trouser,Male
Buba and Trouser_60.png,Buba and Trouser,Male
Buba and Trouser_61.png,Buba and Trouser,Male
Buba and Trouser_62.png,Buba and Trouser,Male
Buba and Trouser_63.png,Buba and Trouser,Male
Buba and Trouser_64.png,Buba and Trouser,Male
Buba and Trouser_65.png,Buba and Trouser,Male
Buba and Trouser_66.png,Buba and Trouser,Male
Buba and Trouser_67.png,Buba and Trouser,Male
Buba and Trouser_68.png,Buba and Trouser,Male
Buba and Trouser_69.png,Buba and Trouser,Male
Buba and Trouser_7.png,Buba and Trouser,Male
Buba and Trouser_70.png,Buba and Trouser,Male
Buba and Trouser_71.png,Buba and Trouser,Male
Buba and Trouser_72.png,Buba and Trouser,Male
Buba and Trouser_73.png,Buba and Trouser,Male
Buba and Trouser_74.png,Buba and Trouser,Male
Buba and Trouser_75.png,Buba and Trouser,Male
Buba and Trouser_76.png,Buba and Trouser,Male
Buba and Trouser_77.png,Buba and Trouser,Male
Buba and Trouser_78.png,Buba and Trouser,Male
Buba and Trouser_79.png,Buba and Trouser,Male
Buba and Trouser_8.png,Buba and Trouser,Male
Buba and Trouser_80.png,Buba and Trouser,Male
Buba and Trouser_81.png,Buba and Trouser,Male
Buba and Trouser_82.png,Buba and Trouser,Male
Buba and Trouser_83.png,Buba and Trouser,Male
Buba and Trouser_84.png,Buba and Trouser,Male
Buba and Trouser_85.png,Buba and Trouser,Male
Buba and Trouser_86.png,Buba and Trouser,Male
Buba and Trouser_87.png,Buba and Trouser,Male
Buba and Trouser_88.png,Buba and Trouser,Male
Buba and Trouser_89.png,Buba and Trouser,Male
Buba and Trouser_9.png,Buba and Trouser,Male
Buba and Trouser_90.png,Buba and Trouser,Male
Buba and Trouser_91.png,Buba and Trouser,Male
Buba and Trouser_92.png,Buba and Trouser,Male
Buba and Trouser_93.png,Buba and Trouser,Male
Buba and Trouser_94.png,Buba and Trouser,Male
Buba and Trouser_95.png,Buba and Trouser,Male
Buba and Trouser_96.png,Buba and Trouser,Male
Buba and Trouser_97.png,Buba and Trouser,Male
Buba and Trouser_98.png,Buba and Trouser,Male
Buba and Trouser_99.png,Buba and Trouser,Male
Gele_1.png,Gele,Female
Gele_10.png,Gele,Female
Gele_100.png,Gele,Female
Gele_101.png,Gele,Female
Gele_102.png,Gele,Female
Gele_103.png,Gele,Female
Gele_104.png,Gele,Female
Gele_105.png,Gele,Female
Gele_106.png,Gele,Female
Gele_107.png,Gele,Female
Gele_108.png,Gele,Female
Gele_109.png,Gele,Female
Gele_11.png,Gele,Female
Gele_110.png,Gele,Female
Gele_111.png,Gele,Female
Gele_112.png,Gele,Female
Gele_113.png,Gele,Female
Gele_114.png,Gele,Female
Gele_115.png,Gele,Female
Gele_116.png,Gele,Female
Gele_117.png,Gele,Female
Gele_118.png,Gele,Female
Gele_119.png,Gele,Female
Gele_12.png,Gele,Female
Gele_120.png,Gele,Female
Gele_121.png,Gele,Female
Gele_122.png,Gele,Female
Gele_123.png,Gele,Female
Gele_124.png,Gele,Female
Gele_125.png,Gele,Female
Gele_126.png,Gele,Female
Gele_127.png,Gele,Female
Gele_128.png,Gele,Female
Gele_129.png,Gele,Female
Gele_13.png,Gele,Female
Gele_130.png,Gele,Female
Gele_131.png,Gele,Female
Gele_132.png,Gele,Female
Gele_133.png,Gele,Female
Gele_134.png,Gele,Female
Gele_135.png,Gele,Female
Gele_136.png,Gele,Female
Gele_137.png,Gele,Female
Gele_138.png,Gele,Female
Gele_139.png,Gele,Female
Gele_14.png,Gele,Female
Gele_140.png,Gele,Female
Gele_141.png,Gele,Female
Gele_142.png,Gele,Female
Gele_143.png,Gele,Female
Gele_144.png,Gele,Female
Gele_145.png,Gele,Female
Gele_146.png,Gele,Female
Gele_147.png,Gele,Female
Gele_148.png,Gele,Female
Gele_149.png,Gele,Female
Gele_15.png,Gele,Female
Gele_150.png,Gele,Female
Gele_151.png,Gele,Female
Gele_152.png,Gele,Female
Gele_153.png,Gele,Female
Gele_154.png,Gele,Female
Gele_155.png,Gele,Female
Gele_156.png,Gele,Female
Gele_157.png,Gele,Female
Gele_158.png,Gele,Female
Gele_159.png,Gele,Female
Gele_16.png,Gele,Female
Gele_160.png,Gele,Female
Gele_161.png,Gele,Female
Gele_162.png,Gele,Female
Gele_163.png,Gele,Female
Gele_164.png,Gele,Female
Gele_165.png,Gele,Female
Gele_166.png,Gele,Female
Gele_167.png,Gele,Female
Gele_168.png,Gele,Female
Gele_169.png,Gele,Female
Gele_17.png,Gele,Female
Gele_170.png,Gele,Female
Gele_171.png,Gele,Female
Gele_172.png,Gele,Female
Gele_173.png,Gele,Female
Gele_174.png,Gele,Female
Gele_175.png,Gele,Female
Gele_176.png,Gele,Female
Gele_177.png,Gele,Female
Gele_178.png,Gele,Female
Gele_179.png,Gele,Female
Gele_18.png,Gele,Female
Gele_180.png,Gele,Female
Gele_181.png,Gele,Female
Gele_182.png,Gele,Female
Gele_183.png,Gele,Female
Gele_184.png,Gele,Female
Gele_185.png,Gele,Female
Gele_186.png,Gele,Female
Gele_187.png,Gele,Female
Gele_188.png,Gele,Female
Gele_189.png,Gele,Female
Gele_19.png,Gele,Female
Gele_190.png,Gele,Female
Gele_191.png,Gele,Female
Gele_192.png,Gele,Female
Gele_193.png,Gele,Female
Gele_194.png,Gele,Female
Gele_195.png,Gele,Female
Gele_196.png,Gele,Female
Gele_197.png,Gele,Female
Gele_198.png,Gele,Female
Gele_199.png,Gele,Female
Gele_2.png,Gele,Female
Gele_20.png,Gele,Female
Gele_200.png,Gele,Female
Gele_21.png,Gele,Female
Gele_22.png,Gele,Female
Gele_23.png,Gele,Female
Gele_24.png,Gele,Female
Gele_25.png,Gele,Female
Gele_26.png,Gele,Female
Gele_27.png,Gele,Female
Gele_28.png,Gele,Female
Gele_29.png,Gele,Female
Gele_3.png,Gele,Female
Gele_30.png,Gele,Female
Gele_31.png,Gele,Female
Gele_32.png,Gele,Female
Gele_33.png,Gele,Female
Gele_34.png,Gele,Female
Gele_35.png,Gele,Female
Gele_36.png,Gele,Female
Gele_37.png,Gele,Female
Gele_38.png,Gele,Female
Gele_39.png,Gele,Female
Gele_4.png,Gele,Female
Gele_40.png,Gele,Female
Gele_41.png,Gele,Female
Gele_42.png,Gele,Female
Gele_43.png,Gele,Female
Gele_44.png,Gele,Female
Gele_45.png,Gele,Female
Gele_46.png,Gele,Female
Gele_47.png,Gele,Female
Gele_48.png,Gele,Female
Gele_49.png,Gele,Female
Gele_5.png,Gele,Female
Gele_50.png,Gele,Female
Gele_51.png,Gele,Female
Gele_52.png,Gele,Female
Gele_53.png,Gele,Female
Gele_54.png,Gele,Female
Gele_55.png,Gele,Female
Gele_56.png,Gele,Female
Gele_57.png,Gele,Female
Gele_58.png,Gele,Female
Gele_59.png,Gele,Female
Gele_6.png,Gele,Female
Gele_60.png,Gele,Female
Gele_61.png,Gele,Female
Gele_62.png,Gele,Female
Gele_63.png,Gele,Female
Gele_64.png,Gele,Female
Gele_65.png,Gele,Female
Gele_66.png,Gele,Female
Gele_67.png,Gele,Female
Gele_68.png,Gele,Female
Gele_69.png,Gele,Female
Gele_7.png,Gele,Female
Gele_70.png,Gele,Female
Gele_71.png,Gele,Female
Gele_72.png,Gele,Female
Gele_73.png,Gele,Female
Gele_74.png,Gele,Female
Gele_75.png,Gele,Female
Gele_76.png,Gele,Female
Gele_77.png,Gele,Female
Gele_78.png,Gele,Female
Gele_79.png,Gele,Female
Gele_8.png,Gele,Female
Gele_80.png,Gele,Female
Gele_81.png,Gele,Female
Gele_82.png,Gele,Female
Gele_83.png,Gele,Female
Gele_84.png,Gele,Female
Gele_85.png,Gele,Female
Gele_86.png,Gele,Female
Gele_87.png,Gele,Female
Gele_88.png,Gele,Female
Gele_89.png,Gele,Female
Gele_9.png,Gele,Female
Gele_90.png,Gele,Female
Gele_91.png,Gele,Female
Gele_92.png,Gele,Female
Gele_93.png,Gele,Female
Gele_94.png,Gele,Female
Gele_95.png,Gele,Female
Gele_96.png,Gele,Female
Gele_97.png,Gele,Female
Gele_98.png,Gele,Female
Gele_99.png,Gele,Female
Gown_1.png,Gown,Female
Gown_10.png,Gown,Female
Gown_100.png,Gown,Female
Gown_101.png,Gown,Female
Gown_102.png,Gown,Female
Gown_103.png,Gown,Female
Gown_104.png,Gown,Female
Gown_105.png,Gown,Female
Gown_106.png,Gown,Female
Gown_107.png,Gown,Female
Gown_108.png,Gown,Female
Gown_109.png,Gown,Female
Gown_11.png,Gown,Female
Gown_110.png,Gown,Female
Gown_111.png,Gown,Female
Gown_112.png,Gown,Female
Gown_113.png,Gown,Female
Gown_114.png,Gown,Female
Gown_115.png,Gown,Female
Gown_116.png,Gown,Female
Gown_117.png,Gown,Female
Gown_118.png,Gown,Female
Gown_119.png,Gown,Female
Gown_12.png,Gown,Female
Gown_120.png,Gown,Female
Gown_121.png,Gown,Female
Gown_122.png,Gown,Female
Gown_123.png,Gown,Female
Gown_124.png,Gown,Female
Gown_125.png,Gown,Female
Gown_126.png,Gown,Female
Gown_127.png,Gown,Female
Gown_128.png,Gown,Female
Gown_129.png,Gown,Female
Gown_13.png,Gown,Female
Gown_130.png,Gown,Female
Gown_131.png,Gown,Female
Gown_132.png,Gown,Female
Gown_133.png,Gown,Female
Gown_134.png,Gown,Female
Gown_135.png,Gown,Female
Gown_136.png,Gown,Female
Gown_137.png,Gown,Female
Gown_138.png,Gown,Female
Gown_139.png,Gown,Female
Gown_14.png,Gown,Female
Gown_140.png,Gown,Female
Gown_141.png,Gown,Female
Gown_142.png,Gown,Female
Gown_143.png,Gown,Female
Gown_144.png,Gown,Female
Gown_145.png,Gown,Female
Gown_146.png,Gown,Female
Gown_147.png,Gown,Female
Gown_148.png,Gown,Female
Gown_149.png,Gown,Female
Gown_15.png,Gown,Female
Gown_150.png,Gown,Female
Gown_151.png,Gown,Female
Gown_152.png,Gown,Female
Gown_153.png,Gown,Female
Gown_154.png,Gown,Female
Gown_155.png,Gown,Female
Gown_156.png,Gown,Female
Gown_157.png,Gown,Female
Gown_158.png,Gown,Female
Gown_159.png,Gown,Female
Gown_16.png,Gown,Female
Gown_160.png,Gown,Female
Gown_161.png,Gown,Female
Gown_162.png,Gown,Female
Gown_163.png,Gown,Female
Gown_164.png,Gown,Female
Gown_165.png,Gown,Female
Gown_166.png,Gown,Female
Gown_167.png,Gown,Female
Gown_168.png,Gown,Female
Gown_169.png,Gown,Female
Gown_17.png,Gown,Female
Gown_170.png,Gown,Female
Gown_171.png,Gown,Female
Gown_172.png,Gown,Female
Gown_173.png,Gown,Female
Gown_174.png,Gown,Female
Gown_175.png,Gown,Female
Gown_176.png,Gown,Female
Gown_177.png,Gown,Female
Gown_178.png,Gown,Female
Gown_179.png,Gown,Female
Gown_18.png,Gown,Female
Gown_180.png,Gown,Female
Gown_181.png,Gown,Female
Gown_182.png,Gown,Female
Gown_183.png,Gown,Female
Gown_184.png,Gown,Female
Gown_185.png,Gown,Female
Gown_186.png,Gown,Female
Gown_187.png,Gown,Female
Gown_188.png,Gown,Female
Gown_189.png,Gown,Female
Gown_19.png,Gown,Female
Gown_190.png,Gown,Female
Gown_191.png,Gown,Female
Gown_192.png,Gown,Female
Gown_193.png,Gown,Female
Gown_194.png,Gown,Female
Gown_195.png,Gown,Female
Gown_196.png,Gown,Female
Gown_197.png,Gown,Female
Gown_198.png,Gown,Female
Gown_199.png,Gown,Female
Gown_2.png,Gown,Female
Gown_20.png,Gown,Female
Gown_200.png,Gown,Female
Gown_21.png,Gown,Female
Gown_22.png,Gown,Female
Gown_23.png,Gown,Female
Gown_24.png,Gown,Female
Gown_25.png,Gown,Female
Gown_26.png,Gown,Female
Gown_27.png,Gown,Female
Gown_28.png,Gown,Female
Gown_29.png,Gown,Female
Gown_3.png,Gown,Female
Gown_30.png,Gown,Female
Gown_31.png,Gown,Female
Gown_32.png,Gown,Female
Gown_33.png,Gown,Female
Gown_34.png,Gown,Female
Gown_35.png,Gown,Female
Gown_36.png,Gown,Female
Gown_37.png,Gown,Female
Gown_38.png,Gown,Female
Gown_39.png,Gown,Female
Gown_4.png,Gown,Female
Gown_40.png,Gown,Female
Gown_41.png,Gown,Female
Gown_42.png,Gown,Female
Gown_43.png,Gown,Female
Gown_44.png,Gown,Female
Gown_45.png,Gown,Female
Gown_46.png,Gown,Female
Gown_47.png,Gown,Female
Gown_48.png,Gown,Female
Gown_49.png,Gown,Female
Gown_5.png,Gown,Female
Gown_50.png,Gown,Female
Gown_51.png,Gown,Female
Gown_52.png,Gown,Female
Gown_53.png,Gown,Female
Gown_54.png,Gown,Female
Gown_55.png,Gown,Female
Gown_56.png,Gown,Female
Gown_57.png,Gown,Female
Gown_58.png,Gown,Female
Gown_59.png,Gown,Female
Gown_6.png,Gown,Female
Gown_60.png,Gown,Female
Gown_61.png,Gown,Female
Gown_62.png,Gown,Female
Gown_63.png,Gown,Female
Gown_64.png,Gown,Female
Gown_65.png,Gown,Female
Gown_66.png,Gown,Female
Gown_67.png,Gown,Female
Gown_68.png,Gown,Female
Gown_69.png,Gown,Female
Gown_7.png,Gown,Female
Gown_70.png,Gown,Female
Gown_71.png,Gown,Female
Gown_72.png,Gown,Female
Gown_73.png,Gown,Female
Gown_74.png,Gown,Female
Gown_75.png,Gown,Female
Gown_76.png,Gown,Female
Gown_77.png,Gown,Female
Gown_78.png,Gown,Female
Gown_79.png,Gown,Female
Gown_8.png,Gown,Female
Gown_80.png,Gown,Female
Gown_81.png,Gown,Female
Gown_82.png,Gown,Female
Gown_83.png,Gown,Female
Gown_84.png,Gown,Female
Gown_85.png,Gown,Female
Gown_86.png,Gown,Female
Gown_87.png,Gown,Female
Gown_88.png,Gown,Female
Gown_89.png,Gown,Female
Gown_9.png,Gown,Female
Gown_90.png,Gown,Female
Gown_91.png,Gown,Female
Gown_92.png,Gown,Female
Gown_93.png,Gown,Female
Gown_94.png,Gown,Female
Gown_95.png,Gown,Female
Gown_96.png,Gown,Female
Gown_97.png,Gown,Female
Gown_98.png,Gown,Female
Gown_99.png,Gown,Female
Skirt and Blouse_1.png,Skirt and Blouse,Female
Skirt and Blouse_10.png,Skirt and Blouse,Female
Skirt and Blouse_100.png,Skirt and Blouse,Female
Skirt and Blouse_101.png,Skirt and Blouse,Female
Skirt and Blouse_102.png,Skirt and Blouse,Female
Skirt and Blouse_103.png,Skirt and Blouse,Female
Skirt and Blouse_104.png,Skirt and Blouse,Female
Skirt and Blouse_105.png,Skirt and Blouse,Female
Skirt and Blouse_106.png,Skirt and Blouse,Female
Skirt and Blouse_107.png,Skirt and Blouse,Female
Skirt and Blouse_108.png,Skirt and Blouse,Female
Skirt and Blouse_109.png,Skirt and Blouse,Female
Skirt and Blouse_11.png,Skirt and Blouse,Female
Skirt and Blouse_110.png,Skirt and Blouse,Female
Skirt and Blouse_111.png,Skirt and Blouse,Female
Skirt and Blouse_112.png,Skirt and Blouse,Female
Skirt and Blouse_113.png,Skirt and Blouse,Female
Skirt and Blouse_114.png,Skirt and Blouse,Female
Skirt and Blouse_115.png,Skirt and Blouse,Female
Skirt and Blouse_116.png,Skirt and Blouse,Female
Skirt and Blouse_117.png,Skirt and Blouse,Female
Skirt and Blouse_118.png,Skirt and Blouse,Female
Skirt and Blouse_119.png,Skirt and Blouse,Female
Skirt and Blouse_12.png,Skirt and Blouse,Female
Skirt and Blouse_120.png,Skirt and Blouse,Female
Skirt and Blouse_121.png,Skirt and Blouse,Female
Skirt and Blouse_122.png,Skirt and Blouse,Female
Skirt and Blouse_123.png,Skirt and Blouse,Female
Skirt and Blouse_124.png,Skirt and Blouse,Female
Skirt and Blouse_125.png,Skirt and Blouse,Female
Skirt and Blouse_126.png,Skirt and Blouse,Female
Skirt and Blouse_127.png,Skirt and Blouse,Female
Skirt and Blouse_128.png,Skirt and Blouse,Female
Skirt and Blouse_129.png,Skirt and Blouse,Female
Skirt and Blouse_13.png,Skirt and Blouse,Female
Skirt and Blouse_130.png,Skirt and Blouse,Female
Skirt and Blouse_131.png,Skirt and Blouse,Female
Skirt and Blouse_132.png,Skirt and Blouse,Female
Skirt and Blouse_133.png,Skirt and Blouse,Female
Skirt and Blouse_134.png,Skirt and Blouse,Female
Skirt and Blouse_135.png,Skirt and Blouse,Female
Skirt and Blouse_136.png,Skirt and Blouse,Female
Skirt and Blouse_137.png,Skirt and Blouse,Female
Skirt and Blouse_138.png,Skirt and Blouse,Female
Skirt and Blouse_139.png,Skirt and Blouse,Female
Skirt and Blouse_14.png,Skirt and Blouse,Female
Skirt and Blouse_140.png,Skirt and Blouse,Female
Skirt and Blouse_141.png,Skirt and Blouse,Female
Skirt and Blouse_142.png,Skirt and Blouse,Female
Skirt and Blouse_143.png,Skirt and Blouse,Female
Skirt and Blouse_144.png,Skirt and Blouse,Female
Skirt and Blouse_145.png,Skirt and Blouse,Female
Skirt and Blouse_146.png,Skirt and Blouse,Female
Skirt and Blouse_147.png,Skirt and Blouse,Female
Skirt and Blouse_148.png,Skirt and Blouse,Female
Skirt and Blouse_149.png,Skirt and Blouse,Female
Skirt and Blouse_15.png,Skirt and Blouse,Female
Skirt and Blouse_150.png,Skirt and Blouse,Female
Skirt and Blouse_151.png,Skirt and Blouse,Female
Skirt and Blouse_152.png,Skirt and Blouse,Female
Skirt and Blouse_153.png,Skirt and Blouse,Female
Skirt and Blouse_154.png,Skirt and Blouse,Female
Skirt and Blouse_155.png,Skirt and Blouse,Female
Skirt and Blouse_156.png,Skirt and Blouse,Female
Skirt and Blouse_157.png,Skirt and Blouse,Female
Skirt and Blouse_158.png,Skirt and Blouse,Female
Skirt and Blouse_159.png,Skirt and Blouse,Female
Skirt and Blouse_16.png,Skirt and Blouse,Female
Skirt and Blouse_160.png,Skirt and Blouse,Female
Skirt and Blouse_161.png,Skirt and Blouse,Female
Skirt and Blouse_162.png,Skirt and Blouse,Female
Skirt and Blouse_163.png,Skirt and Blouse,Female
Skirt and Blouse_164.png,Skirt and Blouse,Female
Skirt and Blouse_165.png,Skirt and Blouse,Female
Skirt and Blouse_166.png,Skirt and Blouse,Female
Skirt and Blouse_167.png,Skirt and Blouse,Female
Skirt and Blouse_168.png,Skirt and Blouse,Female
Skirt and Blouse_169.png,Skirt and Blouse,Female
Skirt and Blouse_17.png,Skirt and Blouse,Female
Skirt and Blouse_170.png,Skirt and Blouse,Female
Skirt and Blouse_171.png,Skirt and Blouse,Female
Skirt and Blouse_172.png,Skirt and Blouse,Female
Skirt and Blouse_173.png,Skirt and Blouse,Female
Skirt and Blouse_174.png,Skirt and Blouse,Female
Skirt and Blouse_175.png,Skirt and Blouse,Female
Skirt and Blouse_176.png,Skirt and Blouse,Female
Skirt and Blouse_177.png,Skirt and Blouse,Female
Skirt and Blouse_178.png,Skirt and Blouse,Female
Skirt and Blouse_179.png,Skirt and Blouse,Female
Skirt and Blouse_18.png,Skirt and Blouse,Female
Skirt and Blouse_180.png,Skirt and Blouse,Female
Skirt and Blouse_181.png,Skirt and Blouse,Female
Skirt and Blouse_182.png,Skirt and Blouse,Female
Skirt and Blouse_183.png,Skirt and Blouse,Female
Skirt and Blouse_184.png,Skirt and Blouse,Female
Skirt and Blouse_185.png,Skirt and Blouse,Female
Skirt and Blouse_186.png,Skirt and Blouse,Female
Skirt and Blouse_187.png,Skirt and Blouse,Female
Skirt and Blouse_188.png,Skirt and Blouse,Female
Skirt and Blouse_189.png,Skirt and Blouse,Female
Skirt and Blouse_19.png,Skirt and Blouse,Female
Skirt and Blouse_190.png,Skirt and Blouse,Female
Skirt and Blouse_191.png,Skirt and Blouse,Female
Skirt and Blouse_192.png,Skirt and Blouse,Female
Skirt and Blouse_193.png,Skirt and Blouse,Female
Skirt and Blouse_194.png,Skirt and Blouse,Female
Skirt and Blouse_195.png,Skirt and Blouse,Female
Skirt and Blouse_196.png,Skirt and Blouse,Female
Skirt and Blouse_197.png,Skirt and Blouse,Female
Skirt and Blouse_198.png,Skirt and Blouse,Female
Skirt and Blouse_199.png,Skirt and Blouse,Female
Skirt and Blouse_2.png,Skirt and Blouse,Female
Skirt and Blouse_20.png,Skirt and Blouse,Female
Skirt and Blouse_200.png,Skirt and Blouse,Female
Skirt and Blouse_21.png,Skirt and Blouse,Female
Skirt and Blouse_22.png,Skirt and Blouse,Female
Skirt and Blouse_23.png,Skirt and Blouse,Female
Skirt and Blouse_24.png,Skirt and Blouse,Female
Skirt and Blouse_25.png,Skirt and Blouse,Female
Skirt and Blouse_26.png,Skirt and Blouse,Female
Skirt and Blouse_27.png,Skirt and Blouse,Female
Skirt and Blouse_28.png,Skirt and Blouse,Female
Skirt and Blouse_29.png,Skirt and Blouse,Female
Skirt and Blouse_3.png,Skirt and Blouse,Female
Skirt and Blouse_30.png,Skirt and Blouse,Female
Skirt and Blouse_31.png,Skirt and Blouse,Female
Skirt and Blouse_32.png,Skirt and Blouse,Female
Skirt and Blouse_33.png,Skirt and Blouse,Female
Skirt and Blouse_34.png,Skirt and Blouse,Female
Skirt and Blouse_35.png,Skirt and Blouse,Female
Skirt and Blouse_36.png,Skirt and Blouse,Female
Skirt and Blouse_37.png,Skirt and Blouse,Female
Skirt and Blouse_38.png,Skirt and Blouse,Female
Skirt and Blouse_39.png,Skirt and Blouse,Female
Skirt and Blouse_4.png,Skirt and Blouse,Female
Skirt and Blouse_40.png,Skirt and Blouse,Female
Skirt and Blouse_41.png,Skirt and Blouse,Female
Skirt and Blouse_42.png,Skirt and Blouse,Female
Skirt and Blouse_43.png,Skirt and Blouse,Female
Skirt and Blouse_44.png,Skirt and Blouse,Female
Skirt and Blouse_45.png,Skirt and Blouse,Female
Skirt and Blouse_46.png,Skirt and Blouse,Female
Skirt and Blouse_47.png,Skirt and Blouse,Female
Skirt and Blouse_48.png,Skirt and Blouse,Female
Skirt and Blouse_49.png,Skirt and Blouse,Female
Skirt and Blouse_5.png,Skirt and Blouse,Female
Skirt and Blouse_50.png,Skirt and Blouse,Female
Skirt and Blouse_51.png,Skirt and Blouse,Female
Skirt and Blouse_52.png,Skirt and Blouse,Female
Skirt and Blouse_53.png,Skirt and Blouse,Female
Skirt and Blouse_54.png,Skirt and Blouse,Female
Skirt and Blouse_55.png,Skirt and Blouse,Female
Skirt and Blouse_56.png,Skirt and Blouse,Female
Skirt and Blouse_57.png,Skirt and Blouse,Female
Skirt and Blouse_58.png,Skirt and Blouse,Female
Skirt and Blouse_59.png,Skirt and Blouse,Female
Skirt and Blouse_6.png,Skirt and Blouse,Female
Skirt and Blouse_60.png,Skirt and Blouse,Female
Skirt and Blouse_61.png,Skirt and Blouse,Female
Skirt and Blouse_62.png,Skirt and Blouse,Female
Skirt and Blouse_63.png,Skirt and Blouse,Female
Skirt and Blouse_64.png,Skirt and Blouse,Female
Skirt and Blouse_65.png,Skirt and Blouse,Female
Skirt and Blouse_66.png,Skirt and Blouse,Female
Skirt and Blouse_67.png,Skirt and Blouse,Female
Skirt and Blouse_68.png,Skirt and Blouse,Female
Skirt and Blouse_69.png,Skirt and Blouse,Female
Skirt and Blouse_7.png,Skirt and Blouse,Female
Skirt and Blouse_70.png,Skirt and Blouse,Female
Skirt and Blouse_71.png,Skirt and Blouse,Female
Skirt and Blouse_72.png,Skirt and Blouse,Female
Skirt and Blouse_73.png,Skirt and Blouse,Female
Skirt and Blouse_74.png,Skirt and Blouse,Female
Skirt and Blouse_75.png,Skirt and Blouse,Female
Skirt and Blouse_76.png,Skirt and Blouse,Female
Skirt and Blouse_77.png,Skirt and Blouse,Female
Skirt and Blouse_78.png,Skirt and Blouse,Female
Skirt and Blouse_79.png,Skirt and Blouse,Female
Skirt and Blouse_8.png,Skirt and Blouse,Female
Skirt and Blouse_80.png,Skirt and Blouse,Female
Skirt and Blouse_81.png,Skirt and Blouse,Female
Skirt and Blouse_82.png,Skirt and Blouse,Female
Skirt and Blouse_83.png,Skirt and Blouse,Female
Skirt and Blouse_84.png,Skirt and Blouse,Female
Skirt and Blouse_85.png,Skirt and Blouse,Female
Skirt and Blouse_86.png,Skirt and Blouse,Female
Skirt and Blouse_87.png,Skirt and Blouse,Female
Skirt and Blouse_88.png,Skirt and Blouse,Female
Skirt and Blouse_89.png,Skirt and Blouse,Female
Skirt and Blouse_9.png,Skirt and Blouse,Female
Skirt and Blouse_90.png,Skirt and Blouse,Female
Skirt and Blouse_91.png,Skirt and Blouse,Female
Skirt and Blouse_92.png,Skirt and Blouse,Female
Skirt and Blouse_93.png,Skirt and Blouse,Female
Skirt and Blouse_94.png,Skirt and Blouse,Female
Skirt and Blouse_95.png,Skirt and Blouse,Female
Skirt and Blouse_96.png,Skirt and Blouse,Female
Skirt and Blouse_97.png,Skirt and Blouse,Female
Skirt and Blouse_98.png,Skirt and Blouse,Female
Skirt and Blouse_99.png,Skirt and Blouse,Female
Wrapper and Blouse_1.png,Wrapper and Blouse,Female
Wrapper and Blouse_10.png,Wrapper and Blouse,Female
Wrapper and Blouse_100.png,Wrapper and Blouse,Female
Wrapper and Blouse_101.png,Wrapper and Blouse,Female
Wrapper and Blouse_102.png,Wrapper and Blouse,Female
Wrapper and Blouse_103.png,Wrapper and Blouse,Female
Wrapper and Blouse_104.png,Wrapper and Blouse,Female
Wrapper and Blouse_105.png,Wrapper and Blouse,Female
Wrapper and Blouse_106.png,Wrapper and Blouse,Female
Wrapper and Blouse_107.png,Wrapper and Blouse,Female
Wrapper and Blouse_108.png,Wrapper and Blouse,Female
Wrapper and Blouse_109.png,Wrapper and Blouse,Female
Wrapper and Blouse_11.png,Wrapper and Blouse,Female
Wrapper and Blouse_110.png,Wrapper and Blouse,Female
Wrapper and Blouse_111.png,Wrapper and Blouse,Female
Wrapper and Blouse_112.png,Wrapper and Blouse,Female
Wrapper and Blouse_113.png,Wrapper and Blouse,Female
Wrapper and Blouse_114.png,Wrapper and Blouse,Female
Wrapper and Blouse_115.png,Wrapper and Blouse,Female
Wrapper and Blouse_116.png,Wrapper and Blouse,Female
Wrapper and Blouse_117.png,Wrapper and Blouse,Female
Wrapper and Blouse_118.png,Wrapper and Blouse,Female
Wrapper and Blouse_119.png,Wrapper and Blouse,Female
Wrapper and Blouse_12.png,Wrapper and Blouse,Female
Wrapper and Blouse_120.png,Wrapper and Blouse,Female
Wrapper and Blouse_121.png,Wrapper and Blouse,Female
Wrapper and Blouse_122.png,Wrapper and Blouse,Female
Wrapper and Blouse_123.png,Wrapper and Blouse,Female
Wrapper and Blouse_124.png,Wrapper and Blouse,Female
Wrapper and Blouse_125.png,Wrapper and Blouse,Female
Wrapper and Blouse_126.png,Wrapper and Blouse,Female
Wrapper and Blouse_127.png,Wrapper and Blouse,Female
Wrapper and Blouse_128.png,Wrapper and Blouse,Female
Wrapper and Blouse_129.png,Wrapper and Blouse,Female
Wrapper and Blouse_13.png,Wrapper and Blouse,Female
Wrapper and Blouse_130.png,Wrapper and Blouse,Female
Wrapper and Blouse_131.png,Wrapper and Blouse,Female
Wrapper and Blouse_132.png,Wrapper and Blouse,Female
Wrapper and Blouse_133.png,Wrapper and Blouse,Female
Wrapper and Blouse_134.png,Wrapper and Blouse,Female
Wrapper and Blouse_135.png,Wrapper and Blouse,Female
Wrapper and Blouse_136.png,Wrapper and Blouse,Female
Wrapper and Blouse_137.png,Wrapper and Blouse,Female
Wrapper and Blouse_138.png,Wrapper and Blouse,Female
Wrapper and Blouse_139.png,Wrapper and Blouse,Female
Wrapper and Blouse_14.png,Wrapper and Blouse,Female
Wrapper and Blouse_140.png,Wrapper and Blouse,Female
Wrapper and Blouse_141.png,Wrapper and Blouse,Female
Wrapper and Blouse_142.png,Wrapper and Blouse,Female
Wrapper and Blouse_143.png,Wrapper and Blouse,Female
Wrapper and Blouse_144.png,Wrapper and Blouse,Female
Wrapper and Blouse_145.png,Wrapper and Blouse,Female
Wrapper and Blouse_146.png,Wrapper and Blouse,Female
Wrapper and Blouse_147.png,Wrapper and Blouse,Female
Wrapper and Blouse_148.png,Wrapper and Blouse,Female
Wrapper and Blouse_149.png,Wrapper and Blouse,Female
Wrapper and Blouse_15.png,Wrapper and Blouse,Female
Wrapper and Blouse_150.png,Wrapper and Blouse,Female
Wrapper and Blouse_151.png,Wrapper and Blouse,Female
Wrapper and Blouse_152.png,Wrapper and Blouse,Female
Wrapper and Blouse_153.png,Wrapper and Blouse,Female
Wrapper and Blouse_154.png,Wrapper and Blouse,Female
Wrapper and Blouse_155.png,Wrapper and Blouse,Female
Wrapper and Blouse_156.png,Wrapper and Blouse,Female
Wrapper and Blouse_157.png,Wrapper and Blouse,Female
Wrapper and Blouse_158.png,Wrapper and Blouse,Female
Wrapper and Blouse_159.png,Wrapper and Blouse,Female
Wrapper and Blouse_16.png,Wrapper and Blouse,Female
Wrapper and Blouse_160.png,Wrapper and Blouse,Female
Wrapper and Blouse_161.png,Wrapper and Blouse,Female
Wrapper and Blouse_162.png,Wrapper and Blouse,Female
Wrapper and Blouse_163.png,Wrapper and Blouse,Female
Wrapper and Blouse_164.png,Wrapper and Blouse,Female
Wrapper and Blouse_165.png,Wrapper and Blouse,Female
Wrapper and Blouse_166.png,Wrapper and Blouse,Female
Wrapper and Blouse_167.png,Wrapper and Blouse,Female
Wrapper and Blouse_168.png,Wrapper and Blouse,Female
Wrapper and Blouse_169.png,Wrapper and Blouse,Female
Wrapper and Blouse_17.png,Wrapper and Blouse,Female
Wrapper and Blouse_170.png,Wrapper and Blouse,Female
Wrapper and Blouse_171.png,Wrapper and Blouse,Female
Wrapper and Blouse_172.png,Wrapper and Blouse,Female
Wrapper and Blouse_173.png,Wrapper and Blouse,Female
Wrapper and Blouse_174.png,Wrapper and Blouse,Female
Wrapper and Blouse_175.png,Wrapper and Blouse,Female
Wrapper and Blouse_176.png,Wrapper and Blouse,Female
Wrapper and Blouse_177.png,Wrapper and Blouse,Female
Wrapper and Blouse_178.png,Wrapper and Blouse,Female
Wrapper and Blouse_179.png,Wrapper and Blouse,Female
Wrapper and Blouse_18.png,Wrapper and Blouse,Female
Wrapper and Blouse_180.png,Wrapper and Blouse,Female
Wrapper and Blouse_181.png,Wrapper and Blouse,Female
Wrapper and Blouse_182.png,Wrapper and Blouse,Female
Wrapper and Blouse_183.png,Wrapper and Blouse,Female
Wrapper and Blouse_184.png,Wrapper and Blouse,Female
Wrapper and Blouse_185.png,Wrapper and Blouse,Female
Wrapper and Blouse_186.png,Wrapper and Blouse,Female
Wrapper and Blouse_187.png,Wrapper and Blouse,Female
Wrapper and Blouse_188.png,Wrapper and Blouse,Female
Wrapper and Blouse_189.png,Wrapper and Blouse,Female
Wrapper and Blouse_19.png,Wrapper and Blouse,Female
Wrapper and Blouse_190.png,Wrapper and Blouse,Female
Wrapper and Blouse_191.png,Wrapper and Blouse,Female
Wrapper and Blouse_192.png,Wrapper and Blouse,Female
Wrapper and Blouse_193.png,Wrapper and Blouse,Female
Wrapper and Blouse_194.png,Wrapper and Blouse,Female
Wrapper and Blouse_195.png,Wrapper and Blouse,Female
Wrapper and Blouse_196.png,Wrapper and Blouse,Female
Wrapper and Blouse_197.png,Wrapper and Blouse,Female
Wrapper and Blouse_198.png,Wrapper and Blouse,Female
Wrapper and Blouse_199.png,Wrapper and Blouse,Female
Wrapper and Blouse_2.png,Wrapper and Blouse,Female
Wrapper and Blouse_20.png,Wrapper and Blouse,Female
Wrapper and Blouse_200.png,Wrapper and Blouse,Female
Wrapper and Blouse_21.png,Wrapper and Blouse,Female
Wrapper and Blouse_22.png,Wrapper and Blouse,Female
Wrapper and Blouse_23.png,Wrapper and Blouse,Female
Wrapper and Blouse_24.png,Wrapper and Blouse,Female
Wrapper and Blouse_25.png,Wrapper and Blouse,Female
Wrapper and Blouse_26.png,Wrapper and Blouse,Female
Wrapper and Blouse_27.png,Wrapper and Blouse,Female
Wrapper and Blouse_28.png,Wrapper and Blouse,Female
Wrapper and Blouse_29.png,Wrapper and Blouse,Female
Wrapper and Blouse_3.png,Wrapper and Blouse,Female
Wrapper and Blouse_30.png,Wrapper and Blouse,Female
Wrapper and Blouse_31.png,Wrapper and Blouse,Female
Wrapper and Blouse_32.png,Wrapper and Blouse,Female
Wrapper and Blouse_33.png,Wrapper and Blouse,Female
Wrapper and Blouse_34.png,Wrapper and Blouse,Female
Wrapper and Blouse_35.png,Wrapper and Blouse,Female
Wrapper and Blouse_36.png,Wrapper and Blouse,Female
Wrapper and Blouse_37.png,Wrapper and Blouse,Female
Wrapper and Blouse_38.png,Wrapper and Blouse,Female
Wrapper and Blouse_39.png,Wrapper and Blouse,Female
Wrapper and Blouse_4.png,Wrapper and Blouse,Female
Wrapper and Blouse_40.png,Wrapper and Blouse,Female
Wrapper and Blouse_41.png,Wrapper and Blouse,Female
Wrapper and Blouse_42.png,Wrapper and Blouse,Female
Wrapper and Blouse_43.png,Wrapper and Blouse,Female
Wrapper and Blouse_44.png,Wrapper and Blouse,Female
Wrapper and Blouse_45.png,Wrapper and Blouse,Female
Wrapper and Blouse_46.png,Wrapper and Blouse,Female
Wrapper and Blouse_47.png,Wrapper and Blouse,Female
Wrapper and Blouse_48.png,Wrapper and Blouse,Female
Wrapper and Blouse_49.png,Wrapper and Blouse,Female
Wrapper and Blouse_5.png,Wrapper and Blouse,Female
Wrapper and Blouse_50.png,Wrapper and Blouse,Female
Wrapper and Blouse_51.png,Wrapper and Blouse,Female
Wrapper and Blouse_52.png,Wrapper and Blouse,Female
Wrapper and Blouse_53.png,Wrapper and Blouse,Female
Wrapper and Blouse_54.png,Wrapper and Blouse,Female
Wrapper and Blouse_55.png,Wrapper and Blouse,Female
Wrapper and Blouse_56.png,Wrapper and Blouse,Female
Wrapper and Blouse_57.png,Wrapper and Blouse,Female
Wrapper and Blouse_58.png,Wrapper and Blouse,Female
Wrapper and Blouse_59.png,Wrapper and Blouse,Female
Wrapper and Blouse_6.png,Wrapper and Blouse,Female
Wrapper and Blouse_60.png,Wrapper and Blouse,Female
Wrapper and Blouse_61.png,Wrapper and Blouse,Female
Wrapper and Blouse_62.png,Wrapper and Blouse,Female
Wrapper and Blouse_63.png,Wrapper and Blouse,Female
Wrapper and Blouse_64.png,Wrapper and Blouse,Female
Wrapper and Blouse_65.png,Wrapper and Blouse,Female
Wrapper and Blouse_66.png,Wrapper and Blouse,Female
Wrapper and Blouse_67.png,Wrapper and Blouse,Female
Wrapper and Blouse_68.png,Wrapper and Blouse,Female
Wrapper and Blouse_69.png,Wrapper and Blouse,Female
Wrapper and Blouse_7.png,Wrapper and Blouse,Female
Wrapper and Blouse_70.png,Wrapper and Blouse,Female
Wrapper and Blouse_71.png,Wrapper and Blouse,Female
Wrapper and Blouse_72.png,Wrapper and Blouse,Female
Wrapper and Blouse_73.png,Wrapper and Blouse,Female
Wrapper and Blouse_74.png,Wrapper and Blouse,Female
Wrapper and Blouse_75.png,Wrapper and Blouse,Female
Wrapper and Blouse_76.png,Wrapper and Blouse,Female
Wrapper and Blouse_77.png,Wrapper and Blouse,Female
Wrapper and Blouse_78.png,Wrapper and Blouse,Female
Wrapper and Blouse_79.png,Wrapper and Blouse,Female
Wrapper and Blouse_8.png,Wrapper and Blouse,Female
Wrapper and Blouse_80.png,Wrapper and Blouse,Female
Wrapper and Blouse_81.png,Wrapper and Blouse,Female
Wrapper and Blouse_82.png,Wrapper and Blouse,Female
Wrapper and Blouse_83.png,Wrapper and Blouse,Female
Wrapper and Blouse_84.png,Wrapper and Blouse,Female
Wrapper and Blouse_85.png,Wrapper and Blouse,Female
Wrapper and Blouse_86.png,Wrapper and Blouse,Female
Wrapper and Blouse_87.png,Wrapper and Blouse,Female
Wrapper and Blouse_88.png,Wrapper and Blouse,Female
Wrapper and Blouse_89.png,Wrapper and Blouse,Female
Wrapper and Blouse_9.png,Wrapper and Blouse,Female
Wrapper and Blouse_90.png,Wrapper and Blouse,Female
Wrapper and Blouse_91.png,Wrapper and Blouse,Female
Wrapper and Blouse_92.png,Wrapper and Blouse,Female
Wrapper and Blouse_93.png,Wrapper and Blouse,Female
Wrapper and Blouse_94.png,Wrapper and Blouse,Female
Wrapper and Blouse_95.png,Wrapper and Blouse,Female
Wrapper and Blouse_96.png,Wrapper and Blouse,Female
Wrapper and Blouse_97.png,Wrapper and Blouse,Female
Wrapper and Blouse_98.png,Wrapper and Blouse,Female
Wrapper and Blouse_99.png,Wrapper and Blouse,Female
